modelo,top3_atributos,f1_cv_media,f1_cv_desvio,accuracy,precision,recall,f1_score,verdadeiro_negativo,falso_positivo,falso_negativo,verdadeiro_positivo
SVM,"hba1c, glucose_postprandial, glucose_fasting",0.8815906814663294,0.011225455596926772,0.868,0.9198413404998046,0.8544444444444445,0.8858161768168561,1066,134,262,1538
DecisionTree,"hba1c, glucose_postprandial, glucose_fasting",0.8863397917582984,0.007523694255499033,0.8543333333333333,0.8701706919189909,0.89,0.8799731305914323,961,239,198,1602
KNN,"hba1c, glucose_postprandial, glucose_fasting",0.8313060731168508,0.012301155399305187,0.8063333333333333,0.8425653738643407,0.8327777777777777,0.8376061966864402,920,280,301,1499
