modelo,top3_atributos,f1_cv_media,f1_cv_desvio,accuracy,precision,recall,f1_score,verdadeiro_negativo,falso_positivo,falso_negativo,verdadeiro_positivo
SVM,"hba1c, glucose_postprandial, glucose_fasting",0.8859510430864754,0.00500944097824932,0.851,0.9183673469387755,0.825,0.8691834942932397,356,44,105,495
DecisionTree,"hba1c, glucose_postprandial, glucose_fasting",0.888504097895035,0.005271985462540597,0.833,0.8531810766721044,0.8716666666666667,0.8623248145094806,310,90,77,523
KNN,"hba1c, glucose_postprandial, glucose_fasting",0.8360596215179654,0.01519521915809316,0.792,0.8344709897610921,0.815,0.8246205733558178,303,97,111,489
